{"Year":[2013,2014,2015,2016],"Value":[1.59794258,1.114814502,0.621918341,0.822182244]}