{"Year":[2002,2003,2004,2005,2006,2007,2008,2009,2010,2011,2012,2013,2014,2015,2016],"Value":[39.41976692,39.97799894,44.84431815,44.62999342,42.55962611,42.47445527,42.338337,45.10865603,40.37652762,42.17046781,44.06647183,49.5891214,49.40981797,52.02244501,43.00751117]}