{"Year":[2008,2009,2010,2011,2012,2013,2014,2015,2016],"Value":[28.13361339,29.48064891,31.25007668,32.75291638,34.28647393,35.5769633,36.73528353,37.91502602,38.3707457]}