{"Year":[2016,2015,2014,2013,2012,2011],"Value":[18.96035072,17.86442943,17.4683266,17.17017364,16.83633938,16.50955754]}