{"Year":[2015,2016,2015,2015,2015,2015,2015,2015,2016,2016,2016,2016,2016,2016],"Value":[194.2209906,203.8820764,4.863630817,109.4857337,32.17201718,28.42522011,25.57909541,4.899657712,7.508810248,48.44970422,12.87224614,10.011747,11.62077776,1.609030767]}