{"Year":[2017,2016,2015,2014,2013,2012,2011],"Value":[33.02076812,31.73203899,29.21684395,30.50533451,30.26765312,30.30929642,30.05450457]}