{"Year":[2000,2001,2002,2003,2004,2005,2008,2009,2010,2012],"Value":[97.99999857,99.89999694,99.99999696,100.0000018,99.99999911,99.99999845,99.99999714,100.0000019,99.5,100.0]}