{"Year":[2009,2010,2011,2012,2013,2014,2015,2016],"Value":[35.99519941,36.18622805,36.6722315,36.48168909,36.58831181,34.72543754,35.16716447,34.94675702]}