{"Year":[2000,2001,2002,2003,2004,2005,2006,2007,2008,2009,2010,2011,2012,2013,2014,2015],"Value":[4.988226925,4.934864695,4.630201779,4.565556789,4.498914759,4.422439318,4.195140093,4.023720542,3.978181323,3.798612266,3.812937308,3.684840507,3.552730515,3.449674213,3.21913842,3.148942303]}