{"Year":[2000,2001,2002,2003,2004,2005,2006,2007,2008,2009,2010,2011,2012,2013,2014,2015,2000,2001,2002,2003,2004,2005,2006,2007,2008,2009,2010,2011,2012,2013,2014,2015],"Units":["Tonnes per capita","Tonnes per capita","Tonnes per capita","Tonnes per capita","Tonnes per capita","Tonnes per capita","Tonnes per capita","Tonnes per capita","Tonnes per capita","Tonnes per capita","Tonnes per capita","Tonnes per capita","Tonnes per capita","Tonnes per capita","Tonnes per capita","Tonnes per capita","Tonnes per gross domestic product (\u00a3m)","Tonnes per gross domestic product (\u00a3m)","Tonnes per gross domestic product (\u00a3m)","Tonnes per gross domestic product (\u00a3m)","Tonnes per gross domestic product (\u00a3m)","Tonnes per gross domestic product (\u00a3m)","Tonnes per gross domestic product (\u00a3m)","Tonnes per gross domestic product (\u00a3m)","Tonnes per gross domestic product (\u00a3m)","Tonnes per gross domestic product (\u00a3m)","Tonnes per gross domestic product (\u00a3m)","Tonnes per gross domestic product (\u00a3m)","Tonnes per gross domestic product (\u00a3m)","Tonnes per gross domestic product (\u00a3m)","Tonnes per gross domestic product (\u00a3m)","Tonnes per gross domestic product (\u00a3m)"],"Value":[12.54356291,12.57532522,12.16273538,12.12291089,12.54444674,12.12691742,11.90200749,11.72258073,10.91887105,9.52343942,9.192942901,9.198323144,8.844401538,8.894198176,9.155023159,8.850832437,520.8390919,510.2596927,484.0247868,468.4064717,475.2298599,449.5971511,433.4323172,419.6262572,396.560615,364.0797552,347.604671,345.5068197,330.0830374,327.7655365,329.8344205,314.5074709]}