{"Year":[2016,2015,2014,2013,2012,2011],"Value":[4692.245472,4194.240516,4340.772298,3902.461092,3739.392512,3757.551146]}