{"Year":[2010,2011,2012,2013,2014,2015],"Value":[781564.55,1222236.5800000001,1238449.6899999999,1539732.1699999999,1513470.49,1960318.9099999999]}