{"data":{"Year":[1993,1994,1995,1996,1997,1998,1999,2000,2001,2002,2003,2004,2005,2006,2007,2008,2009,2010,2011,2012,2013,2014,2015,2016,2017,2018,2019,2020,2021],"Unit measure":["Index","Index","Index","Index","Index","Index","Index","Index","Index","Index","Index","Index","Index","Index","Index","Index","Index","Index","Index","Index","Index","Index","Index","Index","Index","Index","Index","Index","Index"],"Unit multiplier":["Units","Units","Units","Units","Units","Units","Units","Units","Units","Units","Units","Units","Units","Units","Units","Units","Units","Units","Units","Units","Units","Units","Units","Units","Units","Units","Units","Units","Units"],"Observation status":["Undefined","Undefined","Undefined","Undefined","Undefined","Undefined","Undefined","Undefined","Undefined","Undefined","Undefined","Undefined","Undefined","Undefined","Undefined","Undefined","Undefined","Undefined","Undefined","Undefined","Undefined","Undefined","Undefined","Undefined","Undefined","Undefined","Undefined","Undefined","Undefined"],"Value":[0.968847615,0.968330681,0.967905896,0.967290825,0.96683131,0.9664116,0.965774399,0.965103123,0.964555752,0.963896476,0.963605513,0.963220414,0.963210647,0.963184327,0.963157078,0.963275115,0.963428469,0.963550592,0.963443053,0.96315268,0.962737118,0.962405275,0.962019462,0.961885983,0.961712862,0.961678566,0.961661409,0.96174164,0.96172418]},"edges":[]}