{"data":{"Year":[2010,2011,2012,2013,2014,2015,2016,2017,2010,2011,2012,2013,2014,2015,2016,2017,2010,2011,2012,2013,2014,2015,2016,2017],"Flow of Official Development Assistance (ODA)":[null,null,null,null,null,null,null,null,"Bilateral","Bilateral","Bilateral","Bilateral","Bilateral","Bilateral","Bilateral","Bilateral","Multilateral","Multilateral","Multilateral","Multilateral","Multilateral","Multilateral","Multilateral","Multilateral"],"Observation status":["Undefined","Undefined","Undefined","Undefined","Undefined","Undefined","Undefined","Undefined","Undefined","Undefined","Undefined","Undefined","Undefined","Undefined","Undefined","Undefined","Undefined","Undefined","Undefined","Undefined","Undefined","Undefined","Undefined","Undefined"],"Unit multiplier":["Thousands","Thousands","Thousands","Thousands","Thousands","Thousands","Thousands","Thousands","Thousands","Thousands","Thousands","Thousands","Thousands","Thousands","Thousands","Thousands","Thousands","Thousands","Thousands","Thousands","Thousands","Thousands","Thousands","Thousands"],"Unit measure":["GBP (\u00a3)","GBP (\u00a3)","GBP (\u00a3)","GBP (\u00a3)","GBP (\u00a3)","GBP (\u00a3)","GBP (\u00a3)","GBP (\u00a3)","GBP (\u00a3)","GBP (\u00a3)","GBP (\u00a3)","GBP (\u00a3)","GBP (\u00a3)","GBP (\u00a3)","GBP (\u00a3)","GBP (\u00a3)","GBP (\u00a3)","GBP (\u00a3)","GBP (\u00a3)","GBP (\u00a3)","GBP (\u00a3)","GBP (\u00a3)","GBP (\u00a3)","GBP (\u00a3)"],"Value":[39268.1778615,52717.9273947,29286.096603358,53084.7398658245,15986.9733681982,33528.1177690487,29607.8051651402,30239.2706206823,34157.35715,48803.426075,24058.527765,46013.8857,12893.98644,27808.30458,24823.02845,24666.7590175,5110.82071153,3914.50131967,5227.568838358,7070.8541658245,3092.9869281982,5719.8131890486,4784.7767151402,5572.5116031823]},"edges":[]}