{"data":{"Year":[2010,2011,2012,2013,2014,2015,2016,2017,2009,2010,2011,2012,2013,2014,2015,2016,2017,2010,2011,2012,2013,2014,2015,2016,2017],"Flow of Official Development Assistance (ODA)":[null,null,null,null,null,null,null,null,"Bilateral","Bilateral","Bilateral","Bilateral","Bilateral","Bilateral","Bilateral","Bilateral","Bilateral","Multilateral","Multilateral","Multilateral","Multilateral","Multilateral","Multilateral","Multilateral","Multilateral"],"Observation status":["Undefined","Undefined","Undefined","Undefined","Undefined","Undefined","Undefined","Undefined","Undefined","Undefined","Undefined","Undefined","Undefined","Undefined","Undefined","Undefined","Undefined","Undefined","Undefined","Undefined","Undefined","Undefined","Undefined","Undefined","Undefined"],"Unit multiplier":["Thousands","Thousands","Thousands","Thousands","Thousands","Thousands","Thousands","Thousands","Thousands","Thousands","Thousands","Thousands","Thousands","Thousands","Thousands","Thousands","Thousands","Thousands","Thousands","Thousands","Thousands","Thousands","Thousands","Thousands","Thousands"],"Unit measure":["GBP (\u00a3)","GBP (\u00a3)","GBP (\u00a3)","GBP (\u00a3)","GBP (\u00a3)","GBP (\u00a3)","GBP (\u00a3)","GBP (\u00a3)","GBP (\u00a3)","GBP (\u00a3)","GBP (\u00a3)","GBP (\u00a3)","GBP (\u00a3)","GBP (\u00a3)","GBP (\u00a3)","GBP (\u00a3)","GBP (\u00a3)","GBP (\u00a3)","GBP (\u00a3)","GBP (\u00a3)","GBP (\u00a3)","GBP (\u00a3)","GBP (\u00a3)","GBP (\u00a3)","GBP (\u00a3)"],"Value":[781564.5505519999,1222251.446403455,1238533.3432861511,1539733.0013319843,1513471.2539387252,1960319.0180047399,1695378.0815540445,1590446.0159123992,525824.5700000003,358522.6119940001,546585.3488539999,597359.9084409998,487080.958214,396384.184512,888545.0512679997,826408.6217200004,773448.5910585002,423041.9385583482,675666.0975494552,641173.4348451513,1052652.0431179844,1117087.0694267252,1071773.96673674,868969.459834044,816997.4248538991]},"edges":[]}