{"data":{"Year":[1990,1991,1992,1993,1994,1995,1996,1997,1998,1999,2000,2001,2002,2003,2004,2005,2006,2007,2008,2009,2010,2011,2012,2013,2014,2015,2016],"Value":[100.0,96.4,81.4,81.1,74.9,63.1,47.2,49.0,58.1,57.0,61.5,42.8,47.0,24.9,30.0,25.1,34.6,33.7,34.4,31.1,20.9,21.8,34.2,25.7116685698,33.6309308082,21.708179079,20.3896674851]},"edges":[]}