{"data":{"Year":[2000,2001,2002,2003,2004,2005,2006,2007,2008,2009,2010,2011,2012,2013,2014,2015,2016,2017],"Observation status":["Undefined","Undefined","Undefined","Undefined","Undefined","Undefined","Undefined","Undefined","Undefined","Undefined","Undefined","Undefined","Undefined","Undefined","Undefined","Undefined","Undefined","Undefined"],"Unit multiplier":["Units","Units","Units","Units","Units","Units","Units","Units","Units","Units","Units","Units","Units","Units","Units","Units","Units","Units"],"Unit measure":["Percentage (%)","Percentage (%)","Percentage (%)","Percentage (%)","Percentage (%)","Percentage (%)","Percentage (%)","Percentage (%)","Percentage (%)","Percentage (%)","Percentage (%)","Percentage (%)","Percentage (%)","Percentage (%)","Percentage (%)","Percentage (%)","Percentage (%)","Percentage (%)"],"Value":[2.2590456284,2.267003304,2.3169580946,2.3328948138,2.4442944793,2.4444744857,2.4445192464,2.5302357794,2.6036528415,2.9958846337,3.2316579149,5.9228558515,7.7453047225,11.3450702395,12.6668819769,21.4648046293,21.4860759181,24.5071510512]},"edges":[]}