Year,Value,GeoCode,Observation status,Unit multiplier
2010,5.6,E92000001,Undefined,Units
2011,5.4,E92000001,Undefined,Units
2012,5.1,E92000001,Undefined,Units
2013,5.32514922109747,E92000001,Undefined,Units
2014,5.14127362275645,E92000001,Undefined,Units
2015,4.72139878293986,E92000001,Undefined,Units
2016,5.36,E92000001,Undefined,Units
2017,5.05596540667255,E92000001,Undefined,Units
2018,5.15420665675588,E92000001,Undefined,Units
2019,5.1328330381475,E92000001,Undefined,Units
