Year,Value,GeoCode
2008,110.586930977248,
2009,128.55969654520715,
2010,147.48176794744683,
2011,195.642293992508,
2012,245.64140339577455,
2013,311.3746715380106,
2014,385.7707972363688,
2015,475.5897409081371,
2016,543.058617067895,
2017,610.1213418440516,
2018,666.7887100345898,
2019,706.0632310219333,
