{"data":{"Year":[1994,1995,1996,1997,1998,1999,2000,2001,2002,2003,2004,2005,2006,2007,2008,2009,2010,2011,2012,2013,2014,2015,2016,2017,2018,2019,2020],"Units":["Number of refugees per 100,000 population","Number of refugees per 100,000 population","Number of refugees per 100,000 population","Number of refugees per 100,000 population","Number of refugees per 100,000 population","Number of refugees per 100,000 population","Number of refugees per 100,000 population","Number of refugees per 100,000 population","Number of refugees per 100,000 population","Number of refugees per 100,000 population","Number of refugees per 100,000 population","Number of refugees per 100,000 population","Number of refugees per 100,000 population","Number of refugees per 100,000 population","Number of refugees per 100,000 population","Number of refugees per 100,000 population","Number of refugees per 100,000 population","Number of refugees per 100,000 population","Number of refugees per 100,000 population","Number of refugees per 100,000 population","Number of refugees per 100,000 population","Number of refugees per 100,000 population","Number of refugees per 100,000 population","Number of refugees per 100,000 population","Number of refugees per 100,000 population","Number of refugees per 100,000 population","Number of refugees per 100,000 population"],"Unit multiplier":["Units","Units","Units","Units","Units","Units","Units","Units","Units","Units","Units","Units","Units","Units","Units","Units","Units","Units","Units","Units","Units","Units","Units","Units","Units","Units","Units"],"Observation status":["Normal value","Normal value","Normal value","Normal value","Normal value","Normal value","Normal value","Normal value","Normal value","Normal value","Normal value","Normal value","Normal value","Normal value","Normal value","Normal value","Normal value","Normal value","Normal value","Normal value","Normal value","Normal value","Normal value","Normal value","Normal value","Normal value","Normal value"],"Value":[0.183193845,0.1292549101,0.1186291239,0.1286134484,0.150491694,0.1738107959,0.1851027632,0.1759338705,0.2661463449,0.244815249,0.2351940155,0.2218050595,0.279480522,0.3229001101,0.294384277,0.2489534279,0.242193992,0.2370218864,0.2354596596,0.2183889962,0.2120845169,0.1965898964,0.1188152619,0.1287092608,0.1264381702,0.1032982441,0.0939158943]},"edges":[]}