{"data":{"Year":[1987,1988,1989,1990,1991,1992,1993,1994,1995,1996,1997,1998,1999,2000,2001,2002,2003,2004,2005,2006,2007,2008,2009,2010,2011,2012,2013,2014,2015,2016,2017,2018,2019],"Unit measure":["Percentage (%)","Percentage (%)","Percentage (%)","Percentage (%)","Percentage (%)","Percentage (%)","Percentage (%)","Percentage (%)","Percentage (%)","Percentage (%)","Percentage (%)","Percentage (%)","Percentage (%)","Percentage (%)","Percentage (%)","Percentage (%)","Percentage (%)","Percentage (%)","Percentage (%)","Percentage (%)","Percentage (%)","Percentage (%)","Percentage (%)","Percentage (%)","Percentage (%)","Percentage (%)","Percentage (%)","Percentage (%)","Percentage (%)","Percentage (%)","Percentage (%)","Percentage (%)","Percentage (%)"],"Unit multiplier":["Units","Units","Units","Units","Units","Units","Units","Units","Units","Units","Units","Units","Units","Units","Units","Units","Units","Units","Units","Units","Units","Units","Units","Units","Units","Units","Units","Units","Units","Units","Units","Units","Units"],"Observation status":["Undefined","Undefined","Undefined","Undefined","Undefined","Undefined","Undefined","Undefined","Undefined","Undefined","Undefined","Undefined","Undefined","Undefined","Undefined","Undefined","Undefined","Undefined","Undefined","Undefined","Undefined","Undefined","Undefined","Undefined","Undefined","Undefined","Undefined","Undefined","Undefined","Undefined","Undefined","Undefined","Undefined"],"Value":[0.1837321159,0.1787028524,0.1817475509,0.1920155018,0.1828073243,0.1723666386,0.1665828587,0.1726342872,0.1042904537,0.1004301117,0.1057597902,0.0843543445,0.3237628332,0.3060874979,0.3021252315,0.2933677591,0.2770828154,0.2456957375,0.2381224132,0.224991499,0.2114345214,0.2051242982,0.2174690177,0.2000370117,0.1917415933,0.1828067063,0.1724502142,0.1610934092,0.1708464406,0.170074317,0.1616097375,0.1534532709,0.1440478805]},"edges":[]}