{"data":{"Year":[1995,1996,1997,1998,1999,2000,2001,2002,2003,2004,2005,2006,2007,2008,2009,2010,2011,2012,2013,2014,2015,2016,2017,2018],"Observation status":["Undefined","Undefined","Undefined","Undefined","Undefined","Undefined","Undefined","Undefined","Undefined","Undefined","Undefined","Undefined","Undefined","Undefined","Undefined","Undefined","Undefined","Undefined","Undefined","Undefined","Undefined","Undefined","Undefined","Undefined"],"Unit multiplier":["Units","Units","Units","Units","Units","Units","Units","Units","Units","Units","Units","Units","Units","Units","Units","Units","Units","Units","Units","Units","Units","Units","Units","Units"],"Unit measure":["Index","Index","Index","Index","Index","Index","Index","Index","Index","Index","Index","Index","Index","Index","Index","Index","Index","Index","Index","Index","Index","Index","Index","Index"],"Value":[0.6213395293,0.6181220409,0.771004329,0.6423545248,0.6615093179,0.8073283082,1.1603298752,0.6122958993,0.6516990794,0.7159371181,0.7297688903,0.757564928,0.7187034951,0.535228358,0.5181506108,0.5360945355,0.5032723598,0.4744691369,0.4699129397,0.4115890988,0.3942197474,0.4201051798,0.4035490328,0.4228702737]},"edges":[]}