{"data":{"Year":[2010,2011,2012,2013,2014,2015,2016,2017,2009,2010,2011,2012,2013,2014,2015,2016,2017,2010,2011,2012,2013,2014,2015,2016,2017],"Flow of Official Development Assistance (ODA)":[null,null,null,null,null,null,null,null,"Bilateral","Bilateral","Bilateral","Bilateral","Bilateral","Bilateral","Bilateral","Bilateral","Bilateral","Multilateral","Multilateral","Multilateral","Multilateral","Multilateral","Multilateral","Multilateral","Multilateral"],"Unit measure":["GBP (\u00a3)","GBP (\u00a3)","GBP (\u00a3)","GBP (\u00a3)","GBP (\u00a3)","GBP (\u00a3)","GBP (\u00a3)","GBP (\u00a3)","GBP (\u00a3)","GBP (\u00a3)","GBP (\u00a3)","GBP (\u00a3)","GBP (\u00a3)","GBP (\u00a3)","GBP (\u00a3)","GBP (\u00a3)","GBP (\u00a3)","GBP (\u00a3)","GBP (\u00a3)","GBP (\u00a3)","GBP (\u00a3)","GBP (\u00a3)","GBP (\u00a3)","GBP (\u00a3)","GBP (\u00a3)"],"Unit multiplier":["Thousands","Thousands","Thousands","Thousands","Thousands","Thousands","Thousands","Thousands","Thousands","Thousands","Thousands","Thousands","Thousands","Thousands","Thousands","Thousands","Thousands","Thousands","Thousands","Thousands","Thousands","Thousands","Thousands","Thousands","Thousands"],"Observation status":["Undefined","Undefined","Undefined","Undefined","Undefined","Undefined","Undefined","Undefined","Undefined","Undefined","Undefined","Undefined","Undefined","Undefined","Undefined","Undefined","Undefined","Undefined","Undefined","Undefined","Undefined","Undefined","Undefined","Undefined","Undefined"],"Value":[95949.6508003,72678.0043784971,87684.0686312802,116742.7944348984,114929.4292702659,159683.7060703952,154847.0015138247,153418.8620016522,36920.49,59094.60586,47196.208558,55339.385562,75738.987881607,74854.59222,121959.697174,112284.7986625659,110433.9854355,36855.0449403375,25481.7958204971,32344.6830692802,41003.8065532914,40074.8370502658,37724.0088963952,42562.2028512588,42984.8765661522]},"edges":[]}