Year,Value
2010,0.40358015278356896
2011,0.428948444438656
2012,0.43871805161279
2013,0.44093139833547207
2014,0.449120279899197
2015,0.4419132052154461
2016,0.446485929206903
