Year,Units,Value
2010,Percentage (%),40.3580152784
2011,Percentage (%),42.8948444438656
2012,Percentage (%),43.871805161279
2013,Percentage (%),44.09334063232921
2014,Percentage (%),44.9155158569077
2015,Percentage (%),44.2182521220642
2016,Percentage (%),44.6821035326539
2017,Percentage (%),44.959233063370895
