Year,Value
2013/14,25.984206
2014/15,25.436388
2015/16,27.804347999999997
2016/17,26.5291978970367
