Year,Value
2010,39268.1778615
2011,52717.9273947
2012,29286.096603400005
2013,53084.7398658
2014,15986.9733682
2015,33528.117769
2016,29607.805165099995
