Year,Value
2010,370657.1377427867
2011,432492.6919597539
2012,391179.05276467296
2013,503482.49905417615
2014,563445.7879427222
2015,589501.426173921
2016,633902.4786916376
