Year,Units,Value
2013,"Mortality rate per 1,000,000 population",29.076998418899997
2014,"Mortality rate per 1,000,000 population",23.716362705047466
2015,"Mortality rate per 1,000,000 population",25.418509227011
2016,"Mortality rate per 1,000,000 population",23.519356720002694
2017,"Mortality rate per 1,000,000 population",23.425115621570605
