Year,Value
2013,13.39813394
2014,9.5978561
2015,11.38456074
