Year,Value
2010,743837.4438828647
2011,826418.7434075689
2012,943919.5827873158
2013,1634192.8626001931
2014,1319949.121769596
2015,1130021.980815144
2016,1144952.467245042
