Year,Value
2004,6.85116591702
2005,7.07920489473
2006,6.891356302739999
2008,4.93802055205
2009,5.17102711897
2010,5.5019315210699995
2011,5.2223919668
2012,4.85338647169
2013,4.92231854374
2014,4.63073395826
2015,4.614546129730001
2016,4.46065883021
2017,4.48021086593
