Year,Value
2004,8.85583714102083
2005,8.973245100946952
2006,8.836310387002008
2008,6.511476681695317
2009,6.6386913796377325
2010,6.936374648827428
2011,6.998151441152769
2012,6.585266949642928
2013,6.5093986986783
2014,6.078590630265143
2015,6.050634821974403
2016,5.892692216673727
