Year,Value
2004,6.851165917016161
2005,7.079204894728281
2006,6.8913563027444695
2008,4.9380205520477
2009,5.1710271189683095
2010,5.50193152106657
2011,5.222391966803009
2012,4.853386471691099
2013,4.92231854373582
2014,4.63073395826234
2015,4.61454612973155
2016,4.46065883020939
