Year,Value
2010,220157.2884322771
2011,235610.39209629231
2012,219436.3042583607
2013,291950.2507437329
2014,389701.1873436079
2015,350195.940986103
2016,356940.27671337774
