Year,Value
2010,781564.5505523481
2011,1222251.446403455
2012,1238533.343286152
2013,1539733.001331985
2014,1513471.253938725
2015,1960319.01800474
2016,1695403.418554044
