{"Year":[2017,2017],"Units":["Mountain cover (%)","MGCI"],"Value":[11.3132508833,75.862069]}