{"Year":[2009,2010,2011,2012,2013,2014,2015,2016,2017,2018],"Observation status":["Undefined","Undefined","Undefined","Undefined","Undefined","Undefined","Undefined","Undefined","Undefined","Undefined"],"Unit multiplier":["Units","Units","Units","Units","Units","Units","Units","Units","Units","Units"],"Unit measure":["Rate per 1,000,000 population","Rate per 1,000,000 population","Rate per 1,000,000 population","Rate per 1,000,000 population","Rate per 1,000,000 population","Rate per 1,000,000 population","Rate per 1,000,000 population","Rate per 1,000,000 population","Rate per 1,000,000 population","Rate per 1,000,000 population"],"Value":[1.7185860065,1.5137161163,0.6794643514,0.6278939041,0.1403932327,0.0,0.0153586158,0.0,0.0,0.0150521822]}