{"Year":[2014,2015,2016,2014,2015,2016],"Country category":["Developing countries","Developing countries","Developing countries","Least developed countries","Least developed countries","Least developed countries"],"Value":[18.9095176153,18.2771105194,17.9475144746,1.0595544559,1.0253803741,0.8552879509]}