{"Year":[2010,2011,2012,2013,2014,2015,2016,2010,2011,2012,2013,2014,2015,2016,2010,2011,2012,2013,2014,2015,2016],"Flow of Official Development Assistance (ODA)":[null,null,null,null,null,null,null,"Bilateral","Bilateral","Bilateral","Bilateral","Bilateral","Bilateral","Bilateral","Multilateral","Multilateral","Multilateral","Multilateral","Multilateral","Multilateral","Multilateral"],"Observation status":["Undefined","Undefined","Undefined","Undefined","Undefined","Undefined","Undefined","Undefined","Undefined","Undefined","Undefined","Undefined","Undefined","Undefined","Undefined","Undefined","Undefined","Undefined","Undefined","Undefined","Undefined"],"Unit multiplier":["Thousands","Thousands","Thousands","Thousands","Thousands","Thousands","Thousands","Thousands","Thousands","Thousands","Thousands","Thousands","Thousands","Thousands","Thousands","Thousands","Thousands","Thousands","Thousands","Thousands","Thousands"],"Unit measure":["GBP (\u00a3)","GBP (\u00a3)","GBP (\u00a3)","GBP (\u00a3)","GBP (\u00a3)","GBP (\u00a3)","GBP (\u00a3)","GBP (\u00a3)","GBP (\u00a3)","GBP (\u00a3)","GBP (\u00a3)","GBP (\u00a3)","GBP (\u00a3)","GBP (\u00a3)","GBP (\u00a3)","GBP (\u00a3)","GBP (\u00a3)","GBP (\u00a3)","GBP (\u00a3)","GBP (\u00a3)","GBP (\u00a3)"],"Value":[39268.1778615,52717.9273947,29286.0966034,53084.7398658,15986.9733682,33528.117769,29607.8051651,34157.35715,48803.426075,24058.527765,46013.8857,12893.98644,27808.30458,24823.02845,5110.82071153,3914.50131967,5227.56883836,7070.85416582,3092.9869282,5719.81318905,4784.77671514]}