{"Year":[1987,1988,1989,1990,1991,1992,1993,1994,1995,1996,1997,1998,1999,2000,2001,2002,2003,2004,2005,2006,2007,2008,2009,2010,2011,2012,2013,2014,2015,2016,2017],"Unit measure":["Percentage (%)","Percentage (%)","Percentage (%)","Percentage (%)","Percentage (%)","Percentage (%)","Percentage (%)","Percentage (%)","Percentage (%)","Percentage (%)","Percentage (%)","Percentage (%)","Percentage (%)","Percentage (%)","Percentage (%)","Percentage (%)","Percentage (%)","Percentage (%)","Percentage (%)","Percentage (%)","Percentage (%)","Percentage (%)","Percentage (%)","Percentage (%)","Percentage (%)","Percentage (%)","Percentage (%)","Percentage (%)","Percentage (%)","Percentage (%)","Percentage (%)"],"Unit multiplier":["Units","Units","Units","Units","Units","Units","Units","Units","Units","Units","Units","Units","Units","Units","Units","Units","Units","Units","Units","Units","Units","Units","Units","Units","Units","Units","Units","Units","Units","Units","Units"],"Observation status":["Undefined","Undefined","Undefined","Undefined","Undefined","Undefined","Undefined","Undefined","Undefined","Undefined","Undefined","Undefined","Undefined","Undefined","Undefined","Undefined","Undefined","Undefined","Undefined","Undefined","Undefined","Undefined","Undefined","Undefined","Undefined","Undefined","Undefined","Undefined","Undefined","Undefined","Undefined"],"Value":[0.1837321159,0.1787028524,0.1817475509,0.1920155018,0.1828073243,0.1723666386,0.1665828587,0.1726342872,0.1047876688,0.1008989929,0.106209036,0.0849546873,0.3270236638,0.3079198675,0.3056162135,0.2960329485,0.2790706384,0.2475780862,0.239820753,0.2267576876,0.2132585744,0.2074024324,0.2200320917,0.2028288848,0.1946407101,0.1857459758,0.1753584077,0.1631694155,0.1732341392,0.1727103912,0.1675729557]}