{"Year":[2002,2003,2004,2005,2006,2007,2008,2009,2010,2011,2012,2013,2014,2015,2016,2017,2018,2002,2003,2004,2005,2006,2007,2008,2009,2010,2011,2012,2013,2014,2015,2016,2017,2018,2002,2003,2004,2005,2006,2007,2008,2009,2010,2011,2012,2013,2014,2015,2016,2017,2018],"Risk Category":["Not at risk","Not at risk","Not at risk","Not at risk","Not at risk","Not at risk","Not at risk","Not at risk","Not at risk","Not at risk","Not at risk","Not at risk","Not at risk","Not at risk","Not at risk","Not at risk","Not at risk","Endangered","Endangered","Endangered","Endangered","Endangered","Endangered","Endangered","Endangered","Endangered","Endangered","Endangered","Endangered","Endangered","Endangered","Endangered","Endangered","Endangered","Critical","Critical","Critical","Critical","Critical","Critical","Critical","Critical","Critical","Critical","Critical","Critical","Critical","Critical","Critical","Critical","Critical"],"Value":[55.95238095,22.5,26.66666667,34.7826087,42.5,42.85714286,35.9375,36.48648649,37.17948718,37.64705882,48.46625767,51.5625,51.49253731,51.97740113,51.28205128,47.11538462,56.32183908,39.28571429,62.5,60.0,52.17391304,42.5,42.85714286,48.4375,50.0,52.56410256,54.11764706,42.94478528,39.84375,39.55223881,36.72316384,41.02564103,45.19230769,37.93103448,4.761904762,15.0,13.33333333,13.04347826,15.0,14.28571429,15.625,13.51351351,10.25641026,8.235294118,8.588957055,8.59375,8.955223881,11.29943503,7.692307692,7.692307692,5.747126437]}