Year,Value
2000,99.9667810898
2001,99.9667777777778
2002,99.9667794226898
2003,99.9667794163048
2004,99.96861274135271
2005,99.97044444444441
2006,99.972280989116
2007,99.97411111111109
2008,99.9759460172328
2009,99.97777933438641
2010,99.97960956883959
2011,99.98144291435119
2012,99.98327625809809
2013,99.9851096005908
2014,99.986941440754
2015,99.98877628466379
2016,99.9887777777778
2017,99.98877925319259
