{"Year":[2005,2006,2007,2008,2009,2010,2011,2012,2013,2014,2015,2016,2010,2011,2012,2013,2014,2015,2016,2017],"Banking Service":["Automated teller machines (ATMs)","Automated teller machines (ATMs)","Automated teller machines (ATMs)","Automated teller machines (ATMs)","Automated teller machines (ATMs)","Automated teller machines (ATMs)","Automated teller machines (ATMs)","Automated teller machines (ATMs)","Automated teller machines (ATMs)","Automated teller machines (ATMs)","Automated teller machines (ATMs)","Automated teller machines (ATMs)","Commerical bank branches and building societies","Commerical bank branches and building societies","Commerical bank branches and building societies","Commerical bank branches and building societies","Commerical bank branches and building societies","Commerical bank branches and building societies","Commerical bank branches and building societies","Commerical bank branches and building societies"],"Value":[117.6508456497,120.9406402677,125.8166140175,125.5935032494,121.1926669067,121.9607160759,123.4569772212,125.9497091868,128.5194087804,129.4989509753,131.3059568514,129.4922228724,32.7910075241,30.8804422371,25.4232557732,24.7355793088,23.7736107018,23.6565483519,22.8177157078,21.5276198164]}