{"Year":[2000,2001,2002,2003,2004,2005,2006,2007,2008,2009,2010,2011,2012,2013,2014,2015,2016,2000,2001,2002,2003,2004,2005,2006,2007,2008,2009,2010,2011,2012,2013,2014,2015,2016,2000,2001,2002,2003,2004,2005,2006,2007,2008,2009,2010,2011,2012,2013,2014,2015,2016],"Units":["Percentage (%)","Percentage (%)","Percentage (%)","Percentage (%)","Percentage (%)","Percentage (%)","Percentage (%)","Percentage (%)","Percentage (%)","Percentage (%)","Percentage (%)","Percentage (%)","Percentage (%)","Percentage (%)","Percentage (%)","Percentage (%)","Percentage (%)","Percentage (%)","Percentage (%)","Percentage (%)","Percentage (%)","Percentage (%)","Percentage (%)","Percentage (%)","Percentage (%)","Percentage (%)","Percentage (%)","Percentage (%)","Percentage (%)","Percentage (%)","Percentage (%)","Percentage (%)","Percentage (%)","Percentage (%)","Percentage (%)","Percentage (%)","Percentage (%)","Percentage (%)","Percentage (%)","Percentage (%)","Percentage (%)","Percentage (%)","Percentage (%)","Percentage (%)","Percentage (%)","Percentage (%)","Percentage (%)","Percentage (%)","Percentage (%)","Percentage (%)","Percentage (%)"],"Sex":[null,null,null,null,null,null,null,null,null,null,null,null,null,null,null,null,null,"Male","Male","Male","Male","Male","Male","Male","Male","Male","Male","Male","Male","Male","Male","Male","Male","Male","Female","Female","Female","Female","Female","Female","Female","Female","Female","Female","Female","Female","Female","Female","Female","Female","Female"],"Value":[14.7615814726,14.1693701648,13.6427007727,12.5823990114,11.8091425182,11.4537015467,11.1877552991,11.0468337916,10.3650715963,9.6433391295,9.8202640897,9.7472517392,9.7790162287,9.7356065809,9.7862196886,9.5720129067,9.439115047,20.3825940915,19.6301620953,19.0818180972,17.6974896005,16.7387636218,16.2534731456,15.8610649604,15.5287742707,14.5785429986,13.6719654305,14.1036966745,13.9071654747,13.8328431386,13.8942506999,13.7552435228,13.5503285319,13.3760917799,8.0950874839,7.7000352142,7.2423133485,6.5509108674,6.0176016113,5.8421168413,5.7369982035,5.7898193237,5.4513531462,5.0483951232,4.931182227,4.996855492,5.1342320787,4.9997133577,5.2745164098,5.0431312248,4.9603213974]}