Year,Value
2000,-7.02479338842975
2001,-6.22222222222222
2002,-2.3696682464455
2003,7.28155339805825
2004,10.8597285067873
2005,20.4081632653061
2006,18.6440677966102
2007,18.2857142857143
2008,23.9130434782609
2009,7.99220272904483
2010,4.51263537906137
2011,10.880829015544
2012,9.03426791277259
2013,1.42857142857143
2014,2.53521126760563
2015,1.0989010989011
2016,-0.135869565217391
2017,5.30612244897959
