Year,Units,Value
2017,Mountain cover (%),11.31325088326306
2017,MGCI,75.86206899999999
