{"Year":[2009,2010,2011,2012,2013,2014,2015,2016,2017,2010,2011,2012,2013,2014,2015,2016,2017,2010,2011,2012,2013,2014,2015,2016,2017],"Flow of Official Development Assistance (ODA)":["Bilateral","Bilateral","Bilateral","Bilateral","Bilateral","Bilateral","Bilateral","Bilateral","Bilateral","Multilateral","Multilateral","Multilateral","Multilateral","Multilateral","Multilateral","Multilateral","Multilateral",null,null,null,null,null,null,null,null],"Observation status":["Undefined","Undefined","Undefined","Undefined","Undefined","Undefined","Undefined","Undefined","Undefined","Undefined","Undefined","Undefined","Undefined","Undefined","Undefined","Undefined","Undefined","Undefined","Undefined","Undefined","Undefined","Undefined","Undefined","Undefined","Undefined"],"Unit multiplier":["Thousands","Thousands","Thousands","Thousands","Thousands","Thousands","Thousands","Thousands","Thousands","Thousands","Thousands","Thousands","Thousands","Thousands","Thousands","Thousands","Thousands","Thousands","Thousands","Thousands","Thousands","Thousands","Thousands","Thousands","Thousands"],"Unit measure":["GBP (\u00a3)","GBP (\u00a3)","GBP (\u00a3)","GBP (\u00a3)","GBP (\u00a3)","GBP (\u00a3)","GBP (\u00a3)","GBP (\u00a3)","GBP (\u00a3)","GBP (\u00a3)","GBP (\u00a3)","GBP (\u00a3)","GBP (\u00a3)","GBP (\u00a3)","GBP (\u00a3)","GBP (\u00a3)","GBP (\u00a3)","GBP (\u00a3)","GBP (\u00a3)","GBP (\u00a3)","GBP (\u00a3)","GBP (\u00a3)","GBP (\u00a3)","GBP (\u00a3)","GBP (\u00a3)"],"Value":[160291.48,165969.2704209999,209016.488383,242893.298955,261434.3282500001,256415.3912950001,355763.7823940001,309352.5331700001,325307.6180508301,213907.5804101301,253542.8084665355,158221.2533348271,261785.745824036,327933.4301346237,248258.3270689286,343963.0873720694,300972.9104868342,379876.8508311301,462559.2968495354,401114.552289827,523220.074074036,584348.8214296238,604022.1094629287,653315.6205420695,626280.5285376643]}