{"Year":[2000,2001,2002,2003,2004,2005,2006,2007,2008,2009,2010,2011,2012,2013,2014,2015],"Observation status":["Undefined","Undefined","Undefined","Undefined","Undefined","Undefined","Undefined","Undefined","Undefined","Undefined","Undefined","Undefined","Undefined","Undefined","Undefined","Undefined"],"Unit multiplier":["Units","Units","Units","Units","Units","Units","Units","Units","Units","Units","Units","Units","Units","Units","Units","Units"],"Unit measure":["Index","Index","Index","Index","Index","Index","Index","Index","Index","Index","Index","Index","Index","Index","Index","Index"],"Value":[0.8958540885,1.2808282027,0.6740826796,0.7200599239,0.7880583804,0.8117226146,0.8275797614,0.7841249934,0.5835900614,0.5666350504,0.5803256112,0.5493043377,0.5073812982,0.5026515132,0.4529072964,0.4360816194]}