{"Year":[2000,2001,2002,2003,2004,2005,2006,2007,2008,2009,2010,2011,2012,2013,2014,2015,2016,2017],"Value":[99.9667810898,99.9667777778,99.9667794227,99.9667794163,99.9686127414,99.9704444444,99.9722809891,99.9741111111,99.9759460172,99.9777793344,99.9796095688,99.9814429144,99.9832762581,99.9851096006,99.9869414408,99.9887762847,99.9887777778,99.9887792532]}